{
  "site_lat": 30.680694,
  "site_lon": -97.142621,
  "detail": {
    "bounds": {
      "lat_n": 30.691109778725604,
      "lat_s": 30.670278221274394,
      "lon_w": -97.15473202908179,
      "lon_e": -97.13050997091823
    },
    "image_size_px": [
      2258,
      2258
    ],
    "site_px": [
      1128.829727151659,
      1128.8267631044077
    ],
    "zoom": 17
  },
  "wide": {
    "bounds": {
      "lat_n": 30.706978451538173,
      "lat_s": 30.654409548461825,
      "lon_w": -97.17318345388499,
      "lon_e": -97.11205854611502
    },
    "image_size_px": [
      712,
      712
    ],
    "zoom": 14
  },
  "source": "ArcGIS World Imagery (server.arcgisonline.com)",
  "fetched_at": "2026-07-17"
}