{
  "site_lat": 30.680694,
  "site_lon": -97.142621,
  "detail": {
    "bounds": {
      "lat_n": 30.696317668088405,
      "lat_s": 30.665070331911593,
      "lon_w": -97.16078754362267,
      "lon_e": -97.12445445637734
    },
    "image_size_px": [
      3386,
      3386
    ],
    "site_px": [
      1693.2445907274882,
      1693.2401533594852
    ],
    "zoom": 17
  },
  "wide": {
    "bounds": {
      "lat_n": 30.72012067730726,
      "lat_s": 30.641267322692737,
      "lon_w": -97.18846468082748,
      "lon_e": -97.09677731917253
    },
    "image_size_px": [
      1068,
      1068
    ],
    "zoom": 14
  },
  "source": "ArcGIS World Imagery (server.arcgisonline.com)",
  "fetched_at": "2026-07-17"
}