{
  "site_lat": 44.5149338,
  "site_lon": -96.8551149,
  "detail": {
    "bounds": {
      "lat_n": 44.53680693532377,
      "lat_s": 44.493060664676236,
      "lon_w": -96.88578959496128,
      "lon_e": -96.82444020503873
    },
    "image_size_px": [
      2860,
      2859
    ],
    "site_px": [
      1429.5443974985017,
      1429.5728423601868
    ],
    "zoom": 16
  },
  "wide": {
    "bounds": {
      "lat_n": 44.57013114823017,
      "lat_s": 44.459736451769835,
      "lon_w": -96.9325231816464,
      "lon_e": -96.7777066183536
    },
    "image_size_px": [
      1803,
      1803
    ],
    "zoom": 14
  },
  "source": "ArcGIS World Imagery (server.arcgisonline.com)",
  "road_source": "ArcGIS World Street Map (server.arcgisonline.com)",
  "fetched_at": "2026-07-18"
}