{
  "site_lat": 44.51493,
  "site_lon": -96.85254,
  "detail": {
    "bounds": {
      "lat_n": 44.536803135323765,
      "lat_s": 44.493056864676234,
      "lon_w": -96.88321469296102,
      "lon_e": -96.82186530703899
    },
    "image_size_px": [
      2860,
      2859
    ],
    "site_px": [
      1429.5443042794861,
      1429.5728423601868
    ],
    "zoom": 16
  },
  "wide": {
    "bounds": {
      "lat_n": 44.570127348230166,
      "lat_s": 44.45973265176983,
      "lon_w": -96.9299482765987,
      "lon_e": -96.77513172340132
    },
    "image_size_px": [
      1803,
      1803
    ],
    "zoom": 14
  },
  "source": "ArcGIS World Imagery (server.arcgisonline.com)",
  "fetched_at": "2026-07-17"
}