{
  "site_lat": 30.861145710845943,
  "site_lon": -96.6225689682861,
  "detail": {
    "bounds": {
      "lat_n": 30.87989411255203,
      "lat_s": 30.842397309139855,
      "lon_w": -96.6444097402748,
      "lon_e": -96.60072819629741
    },
    "image_size_px": [
      2035,
      2036
    ],
    "site_px": [
      1017.8537479473484,
      1017.8644591830513
    ],
    "zoom": 16
  },
  "wide": {
    "bounds": {
      "lat_n": 30.908457723614656,
      "lat_s": 30.81383369807723,
      "lon_w": -96.67768464691336,
      "lon_e": -96.56745328965884
    },
    "image_size_px": [
      1284,
      1284
    ],
    "zoom": 14
  },
  "source": "ArcGIS World Imagery (server.arcgisonline.com)",
  "fetched_at": "2026-07-17"
}