{
  "site_lat": 30.861145710845943,
  "site_lon": -96.6225689682861,
  "detail": {
    "bounds": {
      "lat_n": 30.873644645316666,
      "lat_s": 30.84864677637522,
      "lon_w": -96.63712948294523,
      "lon_e": -96.60800845362698
    },
    "image_size_px": [
      2714,
      2714
    ],
    "site_px": [
      1357.138330596023,
      1357.1359067818917
    ],
    "zoom": 17
  },
  "wide": {
    "bounds": {
      "lat_n": 30.89268705269175,
      "lat_s": 30.829604369000137,
      "lon_w": -96.6593127540376,
      "lon_e": -96.5858251825346
    },
    "image_size_px": [
      856,
      856
    ],
    "zoom": 14
  },
  "source": "ArcGIS World Imagery (server.arcgisonline.com)",
  "fetched_at": "2026-07-17"
}