{
  "site_lat": 33.438004,
  "site_lon": -96.803632,
  "detail": {
    "bounds": {
      "lat_n": 33.447378200853045,
      "lat_s": 33.428629799146954,
      "lon_w": -96.8148655493046,
      "lon_e": -96.79239845069539
    },
    "image_size_px": [
      2094,
      2094
    ],
    "site_px": [
      1047.042684055699,
      1047.032643360405
    ],
    "zoom": 17
  },
  "wide": {
    "bounds": {
      "lat_n": 33.461660006384356,
      "lat_s": 33.41434799361564,
      "lon_w": -96.83198011396027,
      "lon_e": -96.77528388603972
    },
    "image_size_px": [
      661,
      661
    ],
    "zoom": 14
  },
  "source": "ArcGIS World Imagery (server.arcgisonline.com)",
  "fetched_at": "2026-07-17"
}