{
  "site_lat": 33.438004,
  "site_lon": -96.803632,
  "detail": {
    "bounds": {
      "lat_n": 33.4484197787256,
      "lat_s": 33.4275882212744,
      "lon_w": -96.81611372144955,
      "lon_e": -96.79115027855043
    },
    "image_size_px": [
      2326,
      2327
    ],
    "site_px": [
      1163.380760061741,
      1163.3849698691306
    ],
    "zoom": 17
  },
  "wide": {
    "bounds": {
      "lat_n": 33.464288451538174,
      "lat_s": 33.411719548461825,
      "lon_w": -96.8351299044003,
      "lon_e": -96.77213409559968
    },
    "image_size_px": [
      734,
      734
    ],
    "zoom": 14
  },
  "source": "ArcGIS World Imagery (server.arcgisonline.com)",
  "fetched_at": "2026-07-17"
}