{
  "site_lat": 33.435039,
  "site_lon": -96.8091009,
  "detail": {
    "bounds": {
      "lat_n": 33.44441320085305,
      "lat_s": 33.42566479914696,
      "lon_w": -96.82033406546601,
      "lon_e": -96.797867734534
    },
    "image_size_px": [
      2094,
      2094
    ],
    "site_px": [
      1047.006907705466,
      1047.0049879323324
    ],
    "zoom": 17
  },
  "wide": {
    "bounds": {
      "lat_n": 33.45869500638436,
      "lat_s": 33.411382993615646,
      "lon_w": -96.837448045335,
      "lon_e": -96.78075375466501
    },
    "image_size_px": [
      661,
      660
    ],
    "zoom": 14
  },
  "source": "ArcGIS World Imagery (server.arcgisonline.com)",
  "road_source": "ArcGIS World Street Map (server.arcgisonline.com)",
  "fetched_at": "2026-07-19"
}