{
  "site_lat": 33.501037,
  "site_lon": -99.338722,
  "detail": {
    "bounds": {
      "lat_n": 33.571343506397824,
      "lat_s": 33.43073049360217,
      "lon_w": -99.42303492006212,
      "lon_e": -99.25440907993789
    },
    "image_size_px": [
      3929,
      3929
    ],
    "site_px": [
      1964.6334326012263,
      1964.6143732378341
    ],
    "zoom": 15
  },
  "wide": {
    "bounds": {
      "lat_n": 33.678457047882674,
      "lat_s": 33.32361695211732,
      "lon_w": -99.55148754732937,
      "lon_e": -99.12595645267064
    },
    "image_size_px": [
      2479,
      2479
    ],
    "zoom": 13
  },
  "source": "ArcGIS World Imagery (server.arcgisonline.com)",
  "fetched_at": "2026-07-17"
}