{
  "site_lat": 33.501037,
  "site_lon": -99.338722,
  "detail": {
    "bounds": {
      "lat_n": 33.54790800426522,
      "lat_s": 33.454165995734776,
      "lon_w": -99.39493061337475,
      "lon_e": -99.28251338662525
    },
    "image_size_px": [
      2619,
      2620
    ],
    "site_px": [
      1309.7556217342615,
      1309.7427649672445
    ],
    "zoom": 15
  },
  "wide": {
    "bounds": {
      "lat_n": 33.619317031921774,
      "lat_s": 33.38275696807822,
      "lon_w": -99.48056569821958,
      "lon_e": -99.19687830178043
    },
    "image_size_px": [
      3305,
      3305
    ],
    "zoom": 14
  },
  "source": "ArcGIS World Imagery (server.arcgisonline.com)",
  "fetched_at": "2026-07-17"
}