{
  "site_lat": 29.222881,
  "site_lon": -95.097461,
  "detail": {
    "bounds": {
      "lat_n": 29.25022241915471,
      "lat_s": 29.195539580845292,
      "lon_w": -95.12878971272272,
      "lon_e": -95.06613228727727
    },
    "image_size_px": [
      2920,
      2920
    ],
    "site_px": [
      1460.0238343086507,
      1460.041214247242
    ],
    "zoom": 16
  },
  "wide": {
    "bounds": {
      "lat_n": 29.29187768528771,
      "lat_s": 29.153884314712293,
      "lon_w": -95.17651971015574,
      "lon_e": -95.01840228984425
    },
    "image_size_px": [
      1842,
      1842
    ],
    "zoom": 14
  },
  "source": "ArcGIS World Imagery (server.arcgisonline.com)",
  "fetched_at": "2026-07-18"
}