{
  "site_lat": 29.2232,
  "site_lon": -95.09726,
  "detail": {
    "bounds": {
      "lat_n": 29.250541419154708,
      "lat_s": 29.19585858084529,
      "lon_w": -95.12858881029821,
      "lon_e": -95.0659311897018
    },
    "image_size_px": [
      2920,
      2920
    ],
    "site_px": [
      1460.0283816556139,
      1460.0412142472417
    ],
    "zoom": 16
  },
  "wide": {
    "bounds": {
      "lat_n": 29.29219668528771,
      "lat_s": 29.154203314712287,
      "lon_w": -95.17631895638968,
      "lon_e": -95.01820104361033
    },
    "image_size_px": [
      1842,
      1842
    ],
    "zoom": 14
  },
  "source": "ArcGIS World Imagery (server.arcgisonline.com)",
  "road_source": "ArcGIS World Street Map (server.arcgisonline.com)",
  "fetched_at": "2026-07-18"
}