{
  "site_lat": 30.614698,
  "site_lon": -97.497814,
  "detail": {
    "bounds": {
      "lat_n": 30.630321668088406,
      "lat_s": 30.599074331911595,
      "lon_w": -97.51596814926536,
      "lon_e": -97.47965985073465
    },
    "image_size_px": [
      3385,
      3384
    ],
    "site_px": [
      1692.089352895154,
      1692.0820228730765
    ],
    "zoom": 17
  },
  "wide": {
    "bounds": {
      "lat_n": 30.654124677307262,
      "lat_s": 30.57527132269274,
      "lon_w": -97.54362640338844,
      "lon_e": -97.45200159661157
    },
    "image_size_px": [
      1067,
      1067
    ],
    "zoom": 14
  },
  "source": "ArcGIS World Imagery (server.arcgisonline.com)",
  "road_source": "ArcGIS World Street Map (server.arcgisonline.com)",
  "fetched_at": "2026-07-18"
}