{
  "site_lat": 30.614698,
  "site_lon": -97.497814,
  "detail": {
    "bounds": {
      "lat_n": 30.637047742262755,
      "lat_s": 30.60580040608594,
      "lon_w": -97.51596814926536,
      "lon_e": -97.47965985073465
    },
    "image_size_px": [
      3385,
      3384
    ],
    "site_px": [
      1692.089352895154,
      2420.709842393358
    ],
    "zoom": 17
  },
  "wide": {
    "bounds": {
      "lon_w": -97.53642482833708,
      "lon_e": -97.44480002156021,
      "lat_s": 30.604692344519385,
      "lat_n": 30.683545699133905
    },
    "image_size_px": [
      1067,
      1068
    ],
    "zoom": 14
  },
  "source": "ArcGIS World Imagery (server.arcgisonline.com)",
  "fetched_at": "2026-07-17"
}