{
  "site_lat": 30.613928,
  "site_lon": -97.496454,
  "detail": {
    "bounds": {
      "lat_n": 30.629551668088407,
      "lat_s": 30.598304331911596,
      "lon_w": -97.51460800489768,
      "lon_e": -97.47829999510232
    },
    "image_size_px": [
      3384,
      3384
    ],
    "site_px": [
      1692.0758968525463,
      1692.0820228730768
    ],
    "zoom": 17
  },
  "wide": {
    "bounds": {
      "lat_n": 30.653354677307263,
      "lat_s": 30.57450132269274,
      "lon_w": -97.54226603907338,
      "lon_e": -97.45064196092662
    },
    "image_size_px": [
      1067,
      1068
    ],
    "zoom": 14
  },
  "source": "ArcGIS World Imagery (server.arcgisonline.com)",
  "road_source": "ArcGIS World Street Map (server.arcgisonline.com)",
  "fetched_at": "2026-07-19"
}