{
  "site_lat": 37.166623,
  "site_lon": -97.738819,
  "detail": {
    "bounds": {
      "lat_n": 37.24474134044202,
      "lat_s": 37.088504659557984,
      "lon_w": -97.83684899929558,
      "lon_e": -97.64078900070443
    },
    "image_size_px": [
      2284,
      2284
    ],
    "site_px": [
      1142.1322726817596,
      1142.03725418451
    ],
    "zoom": 14
  },
  "wide": {
    "bounds": {
      "lat_n": 37.36375638653633,
      "lat_s": 36.96948961346367,
      "lon_w": -97.98619990484184,
      "lon_e": -97.49143809515817
    },
    "image_size_px": [
      2882,
      2881
    ],
    "zoom": 13
  },
  "source": "ArcGIS World Imagery (server.arcgisonline.com)",
  "road_source": "ArcGIS World Street Map (server.arcgisonline.com)",
  "fetched_at": "2026-07-19"
}