{
  "site_lat": 37.17028,
  "site_lon": -97.73667,
  "detail": {
    "bounds": {
      "lat_n": 37.24839834044203,
      "lat_s": 37.092161659557966,
      "lon_w": -97.83470474325118,
      "lon_e": -97.63863525674883
    },
    "image_size_px": [
      2284,
      2285
    ],
    "site_px": [
      1142.1875437705053,
      1142.30188963151
    ],
    "zoom": 14
  },
  "wide": {
    "bounds": {
      "lat_n": 37.367413386536306,
      "lat_s": 36.97314661346369,
      "lon_w": -97.9840628763203,
      "lon_e": -97.48927712367971
    },
    "image_size_px": [
      2882,
      2882
    ],
    "zoom": 13
  },
  "source": "ArcGIS World Imagery (server.arcgisonline.com)",
  "fetched_at": "2026-07-17"
}