{
  "site_lat": 37.17028,
  "site_lon": -97.73667,
  "detail": {
    "bounds": {
      "lat_n": 37.22235889362802,
      "lat_s": 37.11820110637198,
      "lon_w": -97.80202649550078,
      "lon_e": -97.67131350449922
    },
    "image_size_px": [
      3046,
      3046
    ],
    "site_px": [
      1522.9167250272299,
      1522.9807324024096
    ],
    "zoom": 15
  },
  "wide": {
    "bounds": {
      "lat_n": 37.30170225769086,
      "lat_s": 37.03885774230913,
      "lon_w": -97.90159858421352,
      "lon_e": -97.57174141578649
    },
    "image_size_px": [
      3843,
      3843
    ],
    "zoom": 14
  },
  "source": "ArcGIS World Imagery (server.arcgisonline.com)",
  "fetched_at": "2026-07-17"
}